PUMA,HHSIZE,INC,WRKS,COUNT
3000,1,$100k–$150k,0,51
3000,1,$100k–$150k,1,322
3000,1,$50k–$100k,0,298
3000,1,$50k–$100k,1,1268
3000,1,<$50k,0,3562
3000,1,<$50k,1,1805
3000,1,>$150k,0,28
3000,1,>$150k,1,18
3000,2,$100k–$150k,0,416
3000,2,$100k–$150k,1,587
3000,2,$100k–$150k,2,1743
3000,2,$50k–$100k,0,1154
3000,2,$50k–$100k,1,1656
3000,2,$50k–$100k,2,1857
3000,2,<$50k,0,1671
3000,2,<$50k,1,1149
3000,2,<$50k,2,466
3000,2,>$150k,0,138
3000,2,>$150k,1,248
3000,2,>$150k,2,919
3000,3,$100k–$150k,0,37
3000,3,$100k–$150k,1,412
3000,3,$100k–$150k,2,1352
3000,3,$100k–$150k,3,475
3000,3,$50k–$100k,0,73
3000,3,$50k–$100k,1,1132
3000,3,$50k–$100k,2,1471
3000,3,$50k–$100k,3,382
3000,3,<$50k,0,115
3000,3,<$50k,1,539
3000,3,<$50k,2,155
3000,3,<$50k,3,75
3000,3,>$150k,0,50
3000,3,>$150k,1,187
3000,3,>$150k,2,666
3000,3,>$150k,3,508
3000,4,$100k–$150k,0,56
3000,4,$100k–$150k,1,250
3000,4,$100k–$150k,2,1119
3000,4,$100k–$150k,3,603
3000,4,$50k–$100k,0,19
3000,4,$50k–$100k,1,1095
3000,4,$50k–$100k,2,1246
3000,4,$50k–$100k,3,126
3000,4,<$50k,0,168
3000,4,<$50k,1,593
3000,4,<$50k,2,223
3000,4,<$50k,3,4
3000,4,>$150k,1,74
3000,4,>$150k,2,380
3000,4,>$150k,3,490
3000,5,$100k–$150k,0,3
3000,5,$100k–$150k,1,233
3000,5,$100k–$150k,2,469
3000,5,$100k–$150k,3,324
3000,5,$50k–$100k,1,967
3000,5,$50k–$100k,2,809
3000,5,$50k–$100k,3,221
3000,5,<$50k,0,9
3000,5,<$50k,1,201
3000,5,<$50k,2,29
3000,5,<$50k,3,8
3000,5,>$150k,1,80
3000,5,>$150k,2,455
3000,5,>$150k,3,418
3000,6,$100k–$150k,1,264
3000,6,$100k–$150k,2,837
3000,6,$100k–$150k,3,411
3000,6,$50k–$100k,0,84
3000,6,$50k–$100k,1,342
3000,6,$50k–$100k,2,572
3000,6,$50k–$100k,3,327
3000,6,<$50k,0,32
3000,6,<$50k,1,167
3000,6,<$50k,2,136
3000,6,<$50k,3,6
3000,6,>$150k,1,198
3000,6,>$150k,2,336
3000,6,>$150k,3,831
5000,1,$100k–$150k,0,230
5000,1,$100k–$150k,1,382
5000,1,$50k–$100k,0,747
5000,1,$50k–$100k,1,1875
5000,1,<$50k,0,3144
5000,1,<$50k,1,3139
5000,1,>$150k,0,176
5000,1,>$150k,1,531
5000,2,$100k–$150k,0,850
5000,2,$100k–$150k,1,1038
5000,2,$100k–$150k,2,2001
5000,2,$50k–$100k,0,1804
5000,2,$50k–$100k,1,1787
5000,2,$50k–$100k,2,3612
5000,2,<$50k,0,1906
5000,2,<$50k,1,2193
5000,2,<$50k,2,2271
5000,2,>$150k,0,695
5000,2,>$150k,1,1422
5000,2,>$150k,2,2167
5000,3,$100k–$150k,0,82
5000,3,$100k–$150k,1,522
5000,3,$100k–$150k,2,970
5000,3,$100k–$150k,3,301
5000,3,$50k–$100k,0,179
5000,3,$50k–$100k,1,913
5000,3,$50k–$100k,2,1292
5000,3,$50k–$100k,3,724
5000,3,<$50k,0,401
5000,3,<$50k,1,992
5000,3,<$50k,2,742
5000,3,<$50k,3,343
5000,3,>$150k,0,58
5000,3,>$150k,1,467
5000,3,>$150k,2,1057
5000,3,>$150k,3,547
5000,4,$100k–$150k,0,38
5000,4,$100k–$150k,1,188
5000,4,$100k–$150k,2,1021
5000,4,$100k–$150k,3,651
5000,4,$50k–$100k,0,18
5000,4,$50k–$100k,1,761
5000,4,$50k–$100k,2,965
5000,4,$50k–$100k,3,557
5000,4,<$50k,0,80
5000,4,<$50k,1,1137
5000,4,<$50k,2,388
5000,4,<$50k,3,332
5000,4,>$150k,0,27
5000,4,>$150k,1,441
5000,4,>$150k,2,1239
5000,4,>$150k,3,855
5000,5,$100k–$150k,1,409
5000,5,$100k–$150k,2,652
5000,5,$100k–$150k,3,433
5000,5,$50k–$100k,0,27
5000,5,$50k–$100k,1,748
5000,5,$50k–$100k,2,1133
5000,5,$50k–$100k,3,438
5000,5,<$50k,0,37
5000,5,<$50k,1,396
5000,5,<$50k,2,317
5000,5,<$50k,3,3
5000,5,>$150k,1,258
5000,5,>$150k,2,569
5000,5,>$150k,3,603
5000,6,$100k–$150k,0,9
5000,6,$100k–$150k,1,354
5000,6,$100k–$150k,2,678
5000,6,$100k–$150k,3,624
5000,6,$50k–$100k,1,562
5000,6,$50k–$100k,2,670
5000,6,$50k–$100k,3,491
5000,6,<$50k,0,33
5000,6,<$50k,1,461
5000,6,<$50k,2,297
5000,6,<$50k,3,22
5000,6,>$150k,1,309
5000,6,>$150k,2,603
5000,6,>$150k,3,622
11002,1,$100k–$150k,0,47
11002,1,$100k–$150k,1,1148
11002,1,$50k–$100k,0,528
11002,1,$50k–$100k,1,1546
11002,1,<$50k,0,2109
11002,1,<$50k,1,1742
11002,1,>$150k,0,122
11002,1,>$150k,1,371
11002,2,$100k–$150k,0,470
11002,2,$100k–$150k,1,786
11002,2,$100k–$150k,2,1841
11002,2,$50k–$100k,0,1498
11002,2,$50k–$100k,1,1046
11002,2,$50k–$100k,2,2158
11002,2,<$50k,0,851
11002,2,<$50k,1,739
11002,2,<$50k,2,487
11002,2,>$150k,0,368
11002,2,>$150k,1,741
11002,2,>$150k,2,1490
11002,3,$100k–$150k,0,42
11002,3,$100k–$150k,1,417
11002,3,$100k–$150k,2,1120
11002,3,$100k–$150k,3,421
11002,3,$50k–$100k,0,73
11002,3,$50k–$100k,1,494
11002,3,$50k–$100k,2,901
11002,3,$50k–$100k,3,374
11002,3,<$50k,0,114
11002,3,<$50k,1,221
11002,3,<$50k,2,344
11002,3,>$150k,0,38
11002,3,>$150k,1,295
11002,3,>$150k,2,813
11002,3,>$150k,3,642
11002,4,$100k–$150k,1,323
11002,4,$100k–$150k,2,1074
11002,4,$100k–$150k,3,467
11002,4,$50k–$100k,0,16
11002,4,$50k–$100k,1,471
11002,4,$50k–$100k,2,420
11002,4,$50k–$100k,3,185
11002,4,<$50k,0,37
11002,4,<$50k,1,723
11002,4,<$50k,2,99
11002,4,<$50k,3,72
11002,4,>$150k,0,11
11002,4,>$150k,1,199
11002,4,>$150k,2,871
11002,4,>$150k,3,793
11002,5,$100k–$150k,1,531
11002,5,$100k–$150k,2,925
11002,5,$100k–$150k,3,449
11002,5,$50k–$100k,0,12
11002,5,$50k–$100k,1,428
11002,5,$50k–$100k,2,268
11002,5,$50k–$100k,3,120
11002,5,<$50k,0,40
11002,5,<$50k,1,348
11002,5,<$50k,2,110
11002,5,<$50k,3,20
11002,5,>$150k,0,17
11002,5,>$150k,1,298
11002,5,>$150k,2,752
11002,5,>$150k,3,478
11002,6,$100k–$150k,1,536
11002,6,$100k–$150k,2,249
11002,6,$100k–$150k,3,305
11002,6,$50k–$100k,0,10
11002,6,$50k–$100k,1,287
11002,6,$50k–$100k,2,395
11002,6,$50k–$100k,3,41
11002,6,<$50k,0,34
11002,6,<$50k,1,389
11002,6,<$50k,2,165
11002,6,>$150k,0,35
11002,6,>$150k,1,360
11002,6,>$150k,2,520
11002,6,>$150k,3,664
11003,1,$100k–$150k,1,239
11003,1,$50k–$100k,0,373
11003,1,$50k–$100k,1,1005
11003,1,<$50k,0,1834
11003,1,<$50k,1,934
11003,1,>$150k,1,7
11003,2,$100k–$150k,0,249
11003,2,$100k–$150k,1,649
11003,2,$100k–$150k,2,921
11003,2,$50k–$100k,0,869
11003,2,$50k–$100k,1,1106
11003,2,$50k–$100k,2,1431
11003,2,<$50k,0,649
11003,2,<$50k,1,616
11003,2,<$50k,2,371
11003,2,>$150k,0,250
11003,2,>$150k,1,410
11003,2,>$150k,2,1191
11003,3,$100k–$150k,1,216
11003,3,$100k–$150k,2,748
11003,3,$100k–$150k,3,559
11003,3,$50k–$100k,0,272
11003,3,$50k–$100k,1,580
11003,3,$50k–$100k,2,483
11003,3,$50k–$100k,3,149
11003,3,<$50k,0,176
11003,3,<$50k,1,388
11003,3,<$50k,2,203
11003,3,<$50k,3,15
11003,3,>$150k,0,36
11003,3,>$150k,1,88
11003,3,>$150k,2,687
11003,3,>$150k,3,509
11003,4,$100k–$150k,1,257
11003,4,$100k–$150k,2,818
11003,4,$100k–$150k,3,469
11003,4,$50k–$100k,1,498
11003,4,$50k–$100k,2,1135
11003,4,$50k–$100k,3,120
11003,4,<$50k,0,25
11003,4,<$50k,1,375
11003,4,<$50k,2,250
11003,4,>$150k,1,99
11003,4,>$150k,2,534
11003,4,>$150k,3,829
11003,5,$100k–$150k,1,408
11003,5,$100k–$150k,2,319
11003,5,$100k–$150k,3,293
11003,5,$50k–$100k,0,16
11003,5,$50k–$100k,1,453
11003,5,$50k–$100k,2,423
11003,5,$50k–$100k,3,195
11003,5,<$50k,0,21
11003,5,<$50k,1,188
11003,5,<$50k,2,88
11003,5,<$50k,3,18
11003,5,>$150k,1,278
11003,5,>$150k,2,543
11003,5,>$150k,3,572
11003,6,$100k–$150k,1,119
11003,6,$100k–$150k,2,370
11003,6,$100k–$150k,3,373
11003,6,$50k–$100k,1,188
11003,6,$50k–$100k,2,663
11003,6,$50k–$100k,3,131
11003,6,<$50k,1,171
11003,6,<$50k,2,98
11003,6,>$150k,1,252
11003,6,>$150k,2,460
11003,6,>$150k,3,756
11004,1,$100k–$150k,0,56
11004,1,$100k–$150k,1,498
11004,1,$50k–$100k,0,586
11004,1,$50k–$100k,1,2096
11004,1,<$50k,0,2345
11004,1,<$50k,1,1810
11004,1,>$150k,0,77
11004,1,>$150k,1,291
11004,2,$100k–$150k,0,262
11004,2,$100k–$150k,1,749
11004,2,$100k–$150k,2,1492
11004,2,$50k–$100k,0,1019
11004,2,$50k–$100k,1,1602
11004,2,$50k–$100k,2,2613
11004,2,<$50k,0,1236
11004,2,<$50k,1,650
11004,2,<$50k,2,172
11004,2,>$150k,0,239
11004,2,>$150k,1,625
11004,2,>$150k,2,1417
11004,3,$100k–$150k,0,59
11004,3,$100k–$150k,1,501
11004,3,$100k–$150k,2,1017
11004,3,$100k–$150k,3,405
11004,3,$50k–$100k,0,104
11004,3,$50k–$100k,1,789
11004,3,$50k–$100k,2,1041
11004,3,$50k–$100k,3,241
11004,3,<$50k,0,164
11004,3,<$50k,1,736
11004,3,<$50k,2,333
11004,3,>$150k,0,61
11004,3,>$150k,1,301
11004,3,>$150k,2,670
11004,3,>$150k,3,1101
11004,4,$100k–$150k,1,447
11004,4,$100k–$150k,2,1138
11004,4,$100k–$150k,3,357
11004,4,$50k–$100k,1,959
11004,4,$50k–$100k,2,755
11004,4,$50k–$100k,3,286
11004,4,<$50k,0,26
11004,4,<$50k,1,521
11004,4,<$50k,2,83
11004,4,<$50k,3,34
11004,4,>$150k,1,445
11004,4,>$150k,2,872
11004,4,>$150k,3,1127
11004,5,$100k–$150k,1,192
11004,5,$100k–$150k,2,592
11004,5,$100k–$150k,3,310
11004,5,$50k–$100k,0,37
11004,5,$50k–$100k,1,411
11004,5,$50k–$100k,2,602
11004,5,$50k–$100k,3,181
11004,5,<$50k,0,37
11004,5,<$50k,1,307
11004,5,<$50k,2,65
11004,5,<$50k,3,117
11004,5,>$150k,1,162
11004,5,>$150k,2,445
11004,5,>$150k,3,547
11004,6,$100k–$150k,1,313
11004,6,$100k–$150k,2,398
11004,6,$100k–$150k,3,584
11004,6,$50k–$100k,1,433
11004,6,$50k–$100k,2,611
11004,6,$50k–$100k,3,215
11004,6,<$50k,1,89
11004,6,<$50k,2,165
11004,6,<$50k,3,8
11004,6,>$150k,1,285
11004,6,>$150k,2,391
11004,6,>$150k,3,807
13000,1,$100k–$150k,0,63
13000,1,$100k–$150k,1,253
13000,1,$50k–$100k,0,498
13000,1,$50k–$100k,1,1829
13000,1,<$50k,0,5587
13000,1,<$50k,1,3366
13000,1,>$150k,0,124
13000,1,>$150k,1,327
13000,2,$100k–$150k,0,491
13000,2,$100k–$150k,1,696
13000,2,$100k–$150k,2,1835
13000,2,$50k–$100k,0,1717
13000,2,$50k–$100k,1,1833
13000,2,$50k–$100k,2,2161
13000,2,<$50k,0,2908
13000,2,<$50k,1,1659
13000,2,<$50k,2,1139
13000,2,>$150k,0,650
13000,2,>$150k,1,928
13000,2,>$150k,2,1077
13000,3,$100k–$150k,0,39
13000,3,$100k–$150k,1,297
13000,3,$100k–$150k,2,763
13000,3,$100k–$150k,3,148
13000,3,$50k–$100k,0,82
13000,3,$50k–$100k,1,886
13000,3,$50k–$100k,2,1083
13000,3,$50k–$100k,3,328
13000,3,<$50k,0,640
13000,3,<$50k,1,1206
13000,3,<$50k,2,343
13000,3,>$150k,0,33
13000,3,>$150k,1,136
13000,3,>$150k,2,696
13000,3,>$150k,3,319
13000,4,$100k–$150k,0,2
13000,4,$100k–$150k,1,186
13000,4,$100k–$150k,2,693
13000,4,$100k–$150k,3,423
13000,4,$50k–$100k,0,45
13000,4,$50k–$100k,1,1112
13000,4,$50k–$100k,2,1027
13000,4,$50k–$100k,3,433
13000,4,<$50k,0,262
13000,4,<$50k,1,569
13000,4,<$50k,2,253
13000,4,<$50k,3,6
13000,4,>$150k,0,3
13000,4,>$150k,1,83
13000,4,>$150k,2,839
13000,4,>$150k,3,239
13000,5,$100k–$150k,1,180
13000,5,$100k–$150k,2,470
13000,5,$100k–$150k,3,329
13000,5,$50k–$100k,0,2
13000,5,$50k–$100k,1,762
13000,5,$50k–$100k,2,711
13000,5,$50k–$100k,3,109
13000,5,<$50k,0,149
13000,5,<$50k,1,871
13000,5,<$50k,2,241
13000,5,<$50k,3,15
13000,5,>$150k,0,47
13000,5,>$150k,1,82
13000,5,>$150k,2,297
13000,5,>$150k,3,232
13000,6,$100k–$150k,1,228
13000,6,$100k–$150k,2,343
13000,6,$100k–$150k,3,154
13000,6,$50k–$100k,0,7
13000,6,$50k–$100k,1,815
13000,6,$50k–$100k,2,834
13000,6,$50k–$100k,3,215
13000,6,<$50k,0,108
13000,6,<$50k,1,284
13000,6,<$50k,2,138
13000,6,<$50k,3,23
13000,6,>$150k,1,453
13000,6,>$150k,2,505
13000,6,>$150k,3,549
21000,1,$100k–$150k,0,71
21000,1,$100k–$150k,1,110
21000,1,$50k–$100k,0,721
21000,1,$50k–$100k,1,1252
21000,1,<$50k,0,4980
21000,1,<$50k,1,3265
21000,1,>$150k,0,116
21000,1,>$150k,1,59
21000,2,$100k–$150k,0,744
21000,2,$100k–$150k,1,776
21000,2,$100k–$150k,2,1429
21000,2,$50k–$100k,0,2267
21000,2,$50k–$100k,1,2474
21000,2,$50k–$100k,2,2992
21000,2,<$50k,0,3127
21000,2,<$50k,1,2049
21000,2,<$50k,2,1444
21000,2,>$150k,0,237
21000,2,>$150k,1,440
21000,2,>$150k,2,868
21000,3,$100k–$150k,0,33
21000,3,$100k–$150k,1,179
21000,3,$100k–$150k,2,909
21000,3,$100k–$150k,3,363
21000,3,$50k–$100k,0,214
21000,3,$50k–$100k,1,808
21000,3,$50k–$100k,2,1514
21000,3,$50k–$100k,3,381
21000,3,<$50k,0,480
21000,3,<$50k,1,950
21000,3,<$50k,2,502
21000,3,<$50k,3,76
21000,3,>$150k,0,17
21000,3,>$150k,1,143
21000,3,>$150k,2,420
21000,3,>$150k,3,300
21000,4,$100k–$150k,0,75
21000,4,$100k–$150k,1,132
21000,4,$100k–$150k,2,928
21000,4,$100k–$150k,3,673
21000,4,$50k–$100k,0,101
21000,4,$50k–$100k,1,800
21000,4,$50k–$100k,2,1981
21000,4,$50k–$100k,3,411
21000,4,<$50k,0,99
21000,4,<$50k,1,1006
21000,4,<$50k,2,277
21000,4,<$50k,3,157
21000,4,>$150k,0,10
21000,4,>$150k,1,69
21000,4,>$150k,2,275
21000,4,>$150k,3,425
21000,5,$100k–$150k,1,123
21000,5,$100k–$150k,2,487
21000,5,$100k–$150k,3,313
21000,5,$50k–$100k,0,4
21000,5,$50k–$100k,1,504
21000,5,$50k–$100k,2,864
21000,5,$50k–$100k,3,350
21000,5,<$50k,0,13
21000,5,<$50k,1,771
21000,5,<$50k,2,362
21000,5,<$50k,3,24
21000,5,>$150k,1,88
21000,5,>$150k,2,221
21000,5,>$150k,3,298
21000,6,$100k–$150k,0,8
21000,6,$100k–$150k,1,126
21000,6,$100k–$150k,2,369
21000,6,$100k–$150k,3,407
21000,6,$50k–$100k,0,2
21000,6,$50k–$100k,1,500
21000,6,$50k–$100k,2,800
21000,6,$50k–$100k,3,527
21000,6,<$50k,0,16
21000,6,<$50k,1,338
21000,6,<$50k,2,432
21000,6,<$50k,3,16
21000,6,>$150k,1,73
21000,6,>$150k,2,218
21000,6,>$150k,3,695
35008,1,$100k–$150k,0,52
35008,1,$100k–$150k,1,617
35008,1,$50k–$100k,0,715
35008,1,$50k–$100k,1,2550
35008,1,<$50k,0,2781
35008,1,<$50k,1,2111
35008,1,>$150k,0,54
35008,1,>$150k,1,492
35008,2,$100k–$150k,0,356
35008,2,$100k–$150k,1,756
35008,2,$100k–$150k,2,1455
35008,2,$50k–$100k,0,1320
35008,2,$50k–$100k,1,1311
35008,2,$50k–$100k,2,2353
35008,2,<$50k,0,1315
35008,2,<$50k,1,929
35008,2,<$50k,2,622
35008,2,>$150k,0,369
35008,2,>$150k,1,908
35008,2,>$150k,2,1875
35008,3,$100k–$150k,0,45
35008,3,$100k–$150k,1,403
35008,3,$100k–$150k,2,964
35008,3,$100k–$150k,3,623
35008,3,$50k–$100k,0,97
35008,3,$50k–$100k,1,766
35008,3,$50k–$100k,2,763
35008,3,$50k–$100k,3,535
35008,3,<$50k,0,110
35008,3,<$50k,1,678
35008,3,<$50k,2,281
35008,3,<$50k,3,62
35008,3,>$150k,0,10
35008,3,>$150k,1,228
35008,3,>$150k,2,1112
35008,3,>$150k,3,525
35008,4,$100k–$150k,1,207
35008,4,$100k–$150k,2,648
35008,4,$100k–$150k,3,509
35008,4,$50k–$100k,1,349
35008,4,$50k–$100k,2,739
35008,4,$50k–$100k,3,345
35008,4,<$50k,0,236
35008,4,<$50k,1,470
35008,4,<$50k,2,235
35008,4,<$50k,3,37
35008,4,>$150k,0,15
35008,4,>$150k,1,289
35008,4,>$150k,2,820
35008,4,>$150k,3,786
35008,5,$100k–$150k,1,94
35008,5,$100k–$150k,2,398
35008,5,$100k–$150k,3,421
35008,5,$50k–$100k,1,264
35008,5,$50k–$100k,2,358
35008,5,$50k–$100k,3,211
35008,5,<$50k,0,43
35008,5,<$50k,1,116
35008,5,<$50k,2,201
35008,5,>$150k,1,143
35008,5,>$150k,2,282
35008,5,>$150k,3,365
35008,6,$100k–$150k,1,180
35008,6,$100k–$150k,2,111
35008,6,$100k–$150k,3,108
35008,6,$50k–$100k,0,11
35008,6,$50k–$100k,1,52
35008,6,$50k–$100k,2,301
35008,6,$50k–$100k,3,41
35008,6,<$50k,1,49
35008,6,<$50k,2,18
35008,6,<$50k,3,17
35008,6,>$150k,1,135
35008,6,>$150k,2,131
35008,6,>$150k,3,382
35009,1,$100k–$150k,0,46
35009,1,$100k–$150k,1,771
35009,1,$50k–$100k,0,778
35009,1,$50k–$100k,1,1780
35009,1,<$50k,0,2197
35009,1,<$50k,1,1315
35009,1,>$150k,0,146
35009,1,>$150k,1,933
35009,2,$100k–$150k,0,387
35009,2,$100k–$150k,1,625
35009,2,$100k–$150k,2,1318
35009,2,$50k–$100k,0,1485
35009,2,$50k–$100k,1,711
35009,2,$50k–$100k,2,1976
35009,2,<$50k,0,1139
35009,2,<$50k,1,439
35009,2,<$50k,2,428
35009,2,>$150k,0,323
35009,2,>$150k,1,1147
35009,2,>$150k,2,1927
35009,3,$100k–$150k,1,485
35009,3,$100k–$150k,2,866
35009,3,$100k–$150k,3,253
35009,3,$50k–$100k,0,66
35009,3,$50k–$100k,1,484
35009,3,$50k–$100k,2,672
35009,3,$50k–$100k,3,216
35009,3,<$50k,0,151
35009,3,<$50k,1,246
35009,3,<$50k,2,295
35009,3,<$50k,3,41
35009,3,>$150k,1,361
35009,3,>$150k,2,1108
35009,3,>$150k,3,649
35009,4,$100k–$150k,1,298
35009,4,$100k–$150k,2,701
35009,4,$100k–$150k,3,329
35009,4,$50k–$100k,0,30
35009,4,$50k–$100k,1,138
35009,4,$50k–$100k,2,475
35009,4,$50k–$100k,3,229
35009,4,<$50k,0,36
35009,4,<$50k,1,220
35009,4,<$50k,2,75
35009,4,<$50k,3,14
35009,4,>$150k,0,13
35009,4,>$150k,1,389
35009,4,>$150k,2,1362
35009,4,>$150k,3,863
35009,5,$100k–$150k,1,244
35009,5,$100k–$150k,2,401
35009,5,$100k–$150k,3,221
35009,5,$50k–$100k,0,15
35009,5,$50k–$100k,1,334
35009,5,$50k–$100k,2,174
35009,5,$50k–$100k,3,84
35009,5,<$50k,1,120
35009,5,<$50k,2,60
35009,5,<$50k,3,25
35009,5,>$150k,0,19
35009,5,>$150k,1,456
35009,5,>$150k,2,748
35009,5,>$150k,3,586
35009,6,$100k–$150k,1,599
35009,6,$100k–$150k,2,330
35009,6,$100k–$150k,3,133
35009,6,$50k–$100k,1,196
35009,6,$50k–$100k,2,149
35009,6,$50k–$100k,3,75
35009,6,<$50k,0,22
35009,6,<$50k,1,66
35009,6,<$50k,2,87
35009,6,<$50k,3,25
35009,6,>$150k,0,13
35009,6,>$150k,1,402
35009,6,>$150k,2,379
35009,6,>$150k,3,643
35011,1,$100k–$150k,0,44
35011,1,$100k–$150k,1,988
35011,1,$50k–$100k,0,734
35011,1,$50k–$100k,1,4640
35011,1,<$50k,0,5297
35011,1,<$50k,1,6432
35011,1,>$150k,1,535
35011,2,$100k–$150k,0,111
35011,2,$100k–$150k,1,592
35011,2,$100k–$150k,2,2114
35011,2,$50k–$100k,0,470
35011,2,$50k–$100k,1,1370
35011,2,$50k–$100k,2,3054
35011,2,<$50k,0,1307
35011,2,<$50k,1,1853
35011,2,<$50k,2,812
35011,2,>$150k,0,219
35011,2,>$150k,1,359
35011,2,>$150k,2,1846
35011,3,$100k–$150k,0,25
35011,3,$100k–$150k,1,179
35011,3,$100k–$150k,2,561
35011,3,$100k–$150k,3,692
35011,3,$50k–$100k,0,57
35011,3,$50k–$100k,1,275
35011,3,$50k–$100k,2,946
35011,3,$50k–$100k,3,384
35011,3,<$50k,0,274
35011,3,<$50k,1,740
35011,3,<$50k,2,263
35011,3,<$50k,3,193
35011,3,>$150k,0,38
35011,3,>$150k,1,84
35011,3,>$150k,2,608
35011,3,>$150k,3,227
35011,4,$100k–$150k,1,74
35011,4,$100k–$150k,2,385
35011,4,$100k–$150k,3,607
35011,4,$50k–$100k,0,72
35011,4,$50k–$100k,1,308
35011,4,$50k–$100k,2,688
35011,4,$50k–$100k,3,99
35011,4,<$50k,0,126
35011,4,<$50k,1,316
35011,4,<$50k,2,374
35011,4,<$50k,3,31
35011,4,>$150k,1,88
35011,4,>$150k,2,289
35011,4,>$150k,3,247
35011,5,$100k–$150k,1,38
35011,5,$100k–$150k,2,208
35011,5,$100k–$150k,3,265
35011,5,$50k–$100k,1,198
35011,5,$50k–$100k,2,211
35011,5,$50k–$100k,3,236
35011,5,<$50k,0,26
35011,5,<$50k,1,567
35011,5,<$50k,2,151
35011,5,>$150k,1,88
35011,5,>$150k,2,196
35011,5,>$150k,3,278
35011,6,$100k–$150k,1,27
35011,6,$100k–$150k,2,66
35011,6,$100k–$150k,3,350
35011,6,$50k–$100k,1,112
35011,6,$50k–$100k,2,405
35011,6,$50k–$100k,3,61
35011,6,<$50k,1,143
35011,6,<$50k,2,54
35011,6,>$150k,2,48
35011,6,>$150k,3,448
35012,1,$100k–$150k,0,110
35012,1,$100k–$150k,1,1142
35012,1,$50k–$100k,0,1035
35012,1,$50k–$100k,1,4226
35012,1,<$50k,0,3812
35012,1,<$50k,1,5324
35012,1,>$150k,0,189
35012,1,>$150k,1,603
35012,2,$100k–$150k,0,373
35012,2,$100k–$150k,1,702
35012,2,$100k–$150k,2,2056
35012,2,$50k–$100k,0,1146
35012,2,$50k–$100k,1,1278
35012,2,$50k–$100k,2,2783
35012,2,<$50k,0,734
35012,2,<$50k,1,1340
35012,2,<$50k,2,1065
35012,2,>$150k,0,584
35012,2,>$150k,1,1123
35012,2,>$150k,2,2557
35012,3,$100k–$150k,0,4
35012,3,$100k–$150k,1,124
35012,3,$100k–$150k,2,454
35012,3,$100k–$150k,3,209
35012,3,$50k–$100k,0,53
35012,3,$50k–$100k,1,397
35012,3,$50k–$100k,2,850
35012,3,$50k–$100k,3,314
35012,3,<$50k,0,164
35012,3,<$50k,1,474
35012,3,<$50k,2,322
35012,3,<$50k,3,170
35012,3,>$150k,0,24
35012,3,>$150k,1,266
35012,3,>$150k,2,1029
35012,3,>$150k,3,449
35012,4,$100k–$150k,1,77
35012,4,$100k–$150k,2,294
35012,4,$100k–$150k,3,281
35012,4,$50k–$100k,1,159
35012,4,$50k–$100k,2,391
35012,4,$50k–$100k,3,219
35012,4,<$50k,0,10
35012,4,<$50k,1,84
35012,4,<$50k,2,122
35012,4,<$50k,3,173
35012,4,>$150k,1,262
35012,4,>$150k,2,1454
35012,4,>$150k,3,393
35012,5,$100k–$150k,2,107
35012,5,$100k–$150k,3,32
35012,5,$50k–$100k,1,110
35012,5,$50k–$100k,2,87
35012,5,$50k–$100k,3,90
35012,5,<$50k,0,55
35012,5,<$50k,1,98
35012,5,<$50k,2,18
35012,5,<$50k,3,31
35012,5,>$150k,0,14
35012,5,>$150k,1,252
35012,5,>$150k,2,191
35012,5,>$150k,3,231
35012,6,$100k–$150k,1,14
35012,6,$100k–$150k,2,93
35012,6,$100k–$150k,3,28
35012,6,$50k–$100k,1,64
35012,6,$50k–$100k,2,165
35012,6,$50k–$100k,3,83
35012,6,<$50k,1,45
35012,6,>$150k,1,183
35012,6,>$150k,2,128
35012,6,>$150k,3,115
35013,1,$100k–$150k,0,11
35013,1,$100k–$150k,1,149
35013,1,$50k–$100k,0,319
35013,1,$50k–$100k,1,1493
35013,1,<$50k,0,2504
35013,1,<$50k,1,2369
35013,1,>$150k,0,34
35013,1,>$150k,1,16
35013,2,$100k–$150k,0,82
35013,2,$100k–$150k,1,377
35013,2,$100k–$150k,2,1124
35013,2,$50k–$100k,0,654
35013,2,$50k–$100k,1,1588
35013,2,$50k–$100k,2,2490
35013,2,<$50k,0,1063
35013,2,<$50k,1,1243
35013,2,<$50k,2,737
35013,2,>$150k,0,11
35013,2,>$150k,1,113
35013,2,>$150k,2,410
35013,3,$100k–$150k,0,11
35013,3,$100k–$150k,1,265
35013,3,$100k–$150k,2,1064
35013,3,$100k–$150k,3,593
35013,3,$50k–$100k,0,40
35013,3,$50k–$100k,1,776
35013,3,$50k–$100k,2,1634
35013,3,$50k–$100k,3,381
35013,3,<$50k,0,151
35013,3,<$50k,1,517
35013,3,<$50k,2,340
35013,3,<$50k,3,151
35013,3,>$150k,1,70
35013,3,>$150k,2,301
35013,3,>$150k,3,466
35013,4,$100k–$150k,1,69
35013,4,$100k–$150k,2,881
35013,4,$100k–$150k,3,826
35013,4,$50k–$100k,0,11
35013,4,$50k–$100k,1,552
35013,4,$50k–$100k,2,968
35013,4,$50k–$100k,3,619
35013,4,<$50k,0,87
35013,4,<$50k,1,592
35013,4,<$50k,2,356
35013,4,<$50k,3,49
35013,4,>$150k,1,67
35013,4,>$150k,2,251
35013,4,>$150k,3,666
35013,5,$100k–$150k,1,101
35013,5,$100k–$150k,2,345
35013,5,$100k–$150k,3,677
35013,5,$50k–$100k,1,297
35013,5,$50k–$100k,2,607
35013,5,$50k–$100k,3,349
35013,5,<$50k,0,21
35013,5,<$50k,1,269
35013,5,<$50k,2,149
35013,5,<$50k,3,19
35013,5,>$150k,1,63
35013,5,>$150k,2,82
35013,5,>$150k,3,477
35013,6,$100k–$150k,1,254
35013,6,$100k–$150k,2,158
35013,6,$100k–$150k,3,885
35013,6,$50k–$100k,1,397
35013,6,$50k–$100k,2,398
35013,6,$50k–$100k,3,483
35013,6,<$50k,0,11
35013,6,<$50k,1,688
35013,6,<$50k,2,213
35013,6,<$50k,3,37
35013,6,>$150k,1,9
35013,6,>$150k,2,229
35013,6,>$150k,3,979
35014,1,$100k–$150k,0,77
35014,1,$100k–$150k,1,309
35014,1,$50k–$100k,0,324
35014,1,$50k–$100k,1,1882
35014,1,<$50k,0,2154
35014,1,<$50k,1,1846
35014,1,>$150k,0,15
35014,1,>$150k,1,263
35014,2,$100k–$150k,0,265
35014,2,$100k–$150k,1,429
35014,2,$100k–$150k,2,2087
35014,2,$50k–$100k,0,1263
35014,2,$50k–$100k,1,1008
35014,2,$50k–$100k,2,2317
35014,2,<$50k,0,855
35014,2,<$50k,1,1248
35014,2,<$50k,2,666
35014,2,>$150k,0,93
35014,2,>$150k,1,281
35014,2,>$150k,2,855
35014,3,$100k–$150k,1,200
35014,3,$100k–$150k,2,1066
35014,3,$100k–$150k,3,703
35014,3,$50k–$100k,0,96
35014,3,$50k–$100k,1,629
35014,3,$50k–$100k,2,1720
35014,3,$50k–$100k,3,405
35014,3,<$50k,0,226
35014,3,<$50k,1,717
35014,3,<$50k,2,274
35014,3,<$50k,3,122
35014,3,>$150k,1,25
35014,3,>$150k,2,338
35014,3,>$150k,3,723
35014,4,$100k–$150k,1,342
35014,4,$100k–$150k,2,692
35014,4,$100k–$150k,3,677
35014,4,$50k–$100k,1,660
35014,4,$50k–$100k,2,1261
35014,4,$50k–$100k,3,425
35014,4,<$50k,0,152
35014,4,<$50k,1,470
35014,4,<$50k,2,201
35014,4,<$50k,3,42
35014,4,>$150k,1,66
35014,4,>$150k,2,312
35014,4,>$150k,3,690
35014,5,$100k–$150k,1,136
35014,5,$100k–$150k,2,534
35014,5,$100k–$150k,3,489
35014,5,$50k–$100k,1,333
35014,5,$50k–$100k,2,699
35014,5,$50k–$100k,3,147
35014,5,<$50k,0,165
35014,5,<$50k,1,406
35014,5,<$50k,2,175
35014,5,<$50k,3,112
35014,5,>$150k,1,50
35014,5,>$150k,2,94
35014,5,>$150k,3,494
35014,6,$100k–$150k,0,23
35014,6,$100k–$150k,1,70
35014,6,$100k–$150k,2,254
35014,6,$100k–$150k,3,1044
35014,6,$50k–$100k,0,14
35014,6,$50k–$100k,1,534
35014,6,$50k–$100k,2,478
35014,6,$50k–$100k,3,639
35014,6,<$50k,0,44
35014,6,<$50k,1,171
35014,6,<$50k,2,54
35014,6,<$50k,3,88
35014,6,>$150k,2,223
35014,6,>$150k,3,1137
35015,1,$100k–$150k,0,151
35015,1,$100k–$150k,1,1693
35015,1,$50k–$100k,0,1498
35015,1,$50k–$100k,1,4559
35015,1,<$50k,0,6226
35015,1,<$50k,1,5648
35015,1,>$150k,0,246
35015,1,>$150k,1,871
35015,2,$100k–$150k,0,549
35015,2,$100k–$150k,1,744
35015,2,$100k–$150k,2,3165
35015,2,$50k–$100k,0,1533
35015,2,$50k–$100k,1,2334
35015,2,$50k–$100k,2,3610
35015,2,<$50k,0,2036
35015,2,<$50k,1,1944
35015,2,<$50k,2,1181
35015,2,>$150k,0,730
35015,2,>$150k,1,1433
35015,2,>$150k,2,3299
35015,3,$100k–$150k,0,58
35015,3,$100k–$150k,1,532
35015,3,$100k–$150k,2,1303
35015,3,$100k–$150k,3,792
35015,3,$50k–$100k,0,161
35015,3,$50k–$100k,1,1066
35015,3,$50k–$100k,2,943
35015,3,$50k–$100k,3,362
35015,3,<$50k,0,227
35015,3,<$50k,1,835
35015,3,<$50k,2,286
35015,3,<$50k,3,55
35015,3,>$150k,0,16
35015,3,>$150k,1,519
35015,3,>$150k,2,1526
35015,3,>$150k,3,807
35015,4,$100k–$150k,1,361
35015,4,$100k–$150k,2,654
35015,4,$100k–$150k,3,584
35015,4,$50k–$100k,0,63
35015,4,$50k–$100k,1,562
35015,4,$50k–$100k,2,1173
35015,4,$50k–$100k,3,346
35015,4,<$50k,0,24
35015,4,<$50k,1,434
35015,4,<$50k,2,273
35015,4,<$50k,3,128
35015,4,>$150k,1,402
35015,4,>$150k,2,1460
35015,4,>$150k,3,1284
35015,5,$100k–$150k,1,108
35015,5,$100k–$150k,2,164
35015,5,$100k–$150k,3,449
35015,5,$50k–$100k,1,348
35015,5,$50k–$100k,2,342
35015,5,$50k–$100k,3,242
35015,5,<$50k,0,67
35015,5,<$50k,1,129
35015,5,<$50k,2,189
35015,5,<$50k,3,36
35015,5,>$150k,0,76
35015,5,>$150k,1,125
35015,5,>$150k,2,485
35015,5,>$150k,3,481
35015,6,$100k–$150k,1,250
35015,6,$100k–$150k,2,156
35015,6,$100k–$150k,3,199
35015,6,$50k–$100k,1,245
35015,6,$50k–$100k,2,375
35015,6,$50k–$100k,3,230
35015,6,<$50k,1,181
35015,6,<$50k,2,217
35015,6,<$50k,3,10
35015,6,>$150k,1,406
35015,6,>$150k,2,259
35015,6,>$150k,3,787
35016,1,$100k–$150k,0,22
35016,1,$100k–$150k,1,436
35016,1,$50k–$100k,0,503
35016,1,$50k–$100k,1,2212
35016,1,<$50k,0,2199
35016,1,<$50k,1,1395
35016,1,>$150k,0,25
35016,1,>$150k,1,200
35016,2,$100k–$150k,0,281
35016,2,$100k–$150k,1,581
35016,2,$100k–$150k,2,2001
35016,2,$50k–$100k,0,918
35016,2,$50k–$100k,1,1818
35016,2,$50k–$100k,2,1982
35016,2,<$50k,0,740
35016,2,<$50k,1,1035
35016,2,<$50k,2,533
35016,2,>$150k,0,147
35016,2,>$150k,1,453
35016,2,>$150k,2,1251
35016,3,$100k–$150k,0,18
35016,3,$100k–$150k,1,374
35016,3,$100k–$150k,2,626
35016,3,$100k–$150k,3,520
35016,3,$50k–$100k,0,193
35016,3,$50k–$100k,1,1110
35016,3,$50k–$100k,2,754
35016,3,$50k–$100k,3,675
35016,3,<$50k,0,249
35016,3,<$50k,1,602
35016,3,<$50k,2,330
35016,3,>$150k,1,306
35016,3,>$150k,2,855
35016,3,>$150k,3,897
35016,4,$100k–$150k,0,8
35016,4,$100k–$150k,1,213
35016,4,$100k–$150k,2,1347
35016,4,$100k–$150k,3,721
35016,4,$50k–$100k,0,8
35016,4,$50k–$100k,1,876
35016,4,$50k–$100k,2,1114
35016,4,$50k–$100k,3,408
35016,4,<$50k,0,32
35016,4,<$50k,1,692
35016,4,<$50k,2,66
35016,4,<$50k,3,74
35016,4,>$150k,1,337
35016,4,>$150k,2,1035
35016,4,>$150k,3,794
35016,5,$100k–$150k,1,233
35016,5,$100k–$150k,2,268
35016,5,$100k–$150k,3,326
35016,5,$50k–$100k,0,39
35016,5,$50k–$100k,1,414
35016,5,$50k–$100k,2,1098
35016,5,$50k–$100k,3,110
35016,5,<$50k,1,210
35016,5,<$50k,2,270
35016,5,<$50k,3,18
35016,5,>$150k,0,8
35016,5,>$150k,1,262
35016,5,>$150k,2,440
35016,5,>$150k,3,715
35016,6,$100k–$150k,1,176
35016,6,$100k–$150k,2,672
35016,6,$100k–$150k,3,441
35016,6,$50k–$100k,0,9
35016,6,$50k–$100k,1,411
35016,6,$50k–$100k,2,452
35016,6,$50k–$100k,3,161
35016,6,<$50k,0,50
35016,6,<$50k,1,80
35016,6,<$50k,2,82
35016,6,<$50k,3,47
35016,6,>$150k,1,139
35016,6,>$150k,2,219
35016,6,>$150k,3,1291
35017,1,$100k–$150k,0,261
35017,1,$100k–$150k,1,540
35017,1,$50k–$100k,0,648
35017,1,$50k–$100k,1,2398
35017,1,<$50k,0,2438
35017,1,<$50k,1,1586
35017,1,>$150k,0,23
35017,1,>$150k,1,255
35017,2,$100k–$150k,0,439
35017,2,$100k–$150k,1,841
35017,2,$100k–$150k,2,3069
35017,2,$50k–$100k,0,1880
35017,2,$50k–$100k,1,2008
35017,2,$50k–$100k,2,3026
35017,2,<$50k,0,1542
35017,2,<$50k,1,893
35017,2,<$50k,2,448
35017,2,>$150k,0,368
35017,2,>$150k,1,757
35017,2,>$150k,2,3051
35017,3,$100k–$150k,1,753
35017,3,$100k–$150k,2,1669
35017,3,$100k–$150k,3,914
35017,3,$50k–$100k,0,84
35017,3,$50k–$100k,1,1194
35017,3,$50k–$100k,2,1511
35017,3,$50k–$100k,3,192
35017,3,<$50k,0,106
35017,3,<$50k,1,308
35017,3,<$50k,2,365
35017,3,<$50k,3,72
35017,3,>$150k,0,32
35017,3,>$150k,1,537
35017,3,>$150k,2,1625
35017,3,>$150k,3,991
35017,4,$100k–$150k,0,20
35017,4,$100k–$150k,1,494
35017,4,$100k–$150k,2,1576
35017,4,$100k–$150k,3,742
35017,4,$50k–$100k,1,1291
35017,4,$50k–$100k,2,1191
35017,4,$50k–$100k,3,318
35017,4,<$50k,0,13
35017,4,<$50k,1,402
35017,4,<$50k,2,29
35017,4,>$150k,0,21
35017,4,>$150k,1,384
35017,4,>$150k,2,1457
35017,4,>$150k,3,1588
35017,5,$100k–$150k,1,717
35017,5,$100k–$150k,2,1218
35017,5,$100k–$150k,3,668
35017,5,$50k–$100k,0,17
35017,5,$50k–$100k,1,638
35017,5,$50k–$100k,2,857
35017,5,$50k–$100k,3,247
35017,5,<$50k,0,19
35017,5,<$50k,1,592
35017,5,<$50k,2,174
35017,5,>$150k,1,646
35017,5,>$150k,2,1014
35017,5,>$150k,3,1004
35017,6,$100k–$150k,0,13
35017,6,$100k–$150k,1,531
35017,6,$100k–$150k,2,496
35017,6,$100k–$150k,3,353
35017,6,$50k–$100k,1,294
35017,6,$50k–$100k,2,995
35017,6,$50k–$100k,3,117
35017,6,<$50k,0,12
35017,6,<$50k,1,186
35017,6,<$50k,2,96
35017,6,<$50k,3,21
35017,6,>$150k,1,418
35017,6,>$150k,2,1345
35017,6,>$150k,3,2242
49001,1,$100k–$150k,0,19
49001,1,$100k–$150k,1,294
49001,1,$50k–$100k,0,229
49001,1,$50k–$100k,1,1142
49001,1,<$50k,0,1315
49001,1,<$50k,1,1154
49001,1,>$150k,0,32
49001,1,>$150k,1,86
49001,2,$100k–$150k,0,211
49001,2,$100k–$150k,1,711
49001,2,$100k–$150k,2,1825
49001,2,$50k–$100k,0,944
49001,2,$50k–$100k,1,995
49001,2,$50k–$100k,2,2109
49001,2,<$50k,0,851
49001,2,<$50k,1,581
49001,2,<$50k,2,485
49001,2,>$150k,0,121
49001,2,>$150k,1,316
49001,2,>$150k,2,1188
49001,3,$100k–$150k,0,32
49001,3,$100k–$150k,1,442
49001,3,$100k–$150k,2,1192
49001,3,$100k–$150k,3,596
49001,3,$50k–$100k,0,71
49001,3,$50k–$100k,1,1342
49001,3,$50k–$100k,2,1256
49001,3,$50k–$100k,3,457
49001,3,<$50k,0,225
49001,3,<$50k,1,689
49001,3,<$50k,2,339
49001,3,>$150k,0,16
49001,3,>$150k,1,418
49001,3,>$150k,2,597
49001,3,>$150k,3,698
49001,4,$100k–$150k,0,5
49001,4,$100k–$150k,1,656
49001,4,$100k–$150k,2,1262
49001,4,$100k–$150k,3,896
49001,4,$50k–$100k,0,21
49001,4,$50k–$100k,1,1299
49001,4,$50k–$100k,2,1818
49001,4,$50k–$100k,3,473
49001,4,<$50k,0,61
49001,4,<$50k,1,428
49001,4,<$50k,2,589
49001,4,>$150k,1,464
49001,4,>$150k,2,718
49001,4,>$150k,3,866
49001,5,$100k–$150k,0,63
49001,5,$100k–$150k,1,1002
49001,5,$100k–$150k,2,1157
49001,5,$100k–$150k,3,706
49001,5,$50k–$100k,1,1174
49001,5,$50k–$100k,2,921
49001,5,$50k–$100k,3,462
49001,5,<$50k,0,32
49001,5,<$50k,1,385
49001,5,<$50k,2,365
49001,5,>$150k,0,17
49001,5,>$150k,1,391
49001,5,>$150k,2,699
49001,5,>$150k,3,1303
49001,6,$100k–$150k,1,886
49001,6,$100k–$150k,2,927
49001,6,$100k–$150k,3,759
49001,6,$50k–$100k,1,1448
49001,6,$50k–$100k,2,925
49001,6,$50k–$100k,3,284
49001,6,<$50k,0,52
49001,6,<$50k,1,614
49001,6,<$50k,2,88
49001,6,<$50k,3,13
49001,6,>$150k,0,19
49001,6,>$150k,1,806
49001,6,>$150k,2,624
49001,6,>$150k,3,1439
49002,1,$100k–$150k,0,75
49002,1,$100k–$150k,1,601
49002,1,$50k–$100k,0,810
49002,1,$50k–$100k,1,2231
49002,1,<$50k,0,2891
49002,1,<$50k,1,2547
49002,1,>$150k,0,54
49002,1,>$150k,1,225
49002,2,$100k–$150k,0,341
49002,2,$100k–$150k,1,882
49002,2,$100k–$150k,2,1789
49002,2,$50k–$100k,0,1607
49002,2,$50k–$100k,1,1741
49002,2,$50k–$100k,2,4125
49002,2,<$50k,0,1562
49002,2,<$50k,1,1978
49002,2,<$50k,2,1994
49002,2,>$150k,0,245
49002,2,>$150k,1,832
49002,2,>$150k,2,1290
49002,3,$100k–$150k,0,8
49002,3,$100k–$150k,1,512
49002,3,$100k–$150k,2,1076
49002,3,$100k–$150k,3,1095
49002,3,$50k–$100k,0,263
49002,3,$50k–$100k,1,1261
49002,3,$50k–$100k,2,1629
49002,3,$50k–$100k,3,750
49002,3,<$50k,0,279
49002,3,<$50k,1,1044
49002,3,<$50k,2,613
49002,3,<$50k,3,379
49002,3,>$150k,0,11
49002,3,>$150k,1,377
49002,3,>$150k,2,667
49002,3,>$150k,3,823
49002,4,$100k–$150k,0,41
49002,4,$100k–$150k,1,450
49002,4,$100k–$150k,2,760
49002,4,$100k–$150k,3,447
49002,4,$50k–$100k,0,32
49002,4,$50k–$100k,1,1017
49002,4,$50k–$100k,2,1202
49002,4,$50k–$100k,3,541
49002,4,<$50k,0,190
49002,4,<$50k,1,762
49002,4,<$50k,2,694
49002,4,<$50k,3,66
49002,4,>$150k,1,563
49002,4,>$150k,2,765
49002,4,>$150k,3,831
49002,5,$100k–$150k,1,546
49002,5,$100k–$150k,2,723
49002,5,$100k–$150k,3,703
49002,5,$50k–$100k,0,5
49002,5,$50k–$100k,1,707
49002,5,$50k–$100k,2,749
49002,5,$50k–$100k,3,445
49002,5,<$50k,0,103
49002,5,<$50k,1,501
49002,5,<$50k,2,300
49002,5,<$50k,3,121
49002,5,>$150k,1,410
49002,5,>$150k,2,572
49002,5,>$150k,3,812
49002,6,$100k–$150k,1,670
49002,6,$100k–$150k,2,812
49002,6,$100k–$150k,3,771
49002,6,$50k–$100k,0,14
49002,6,$50k–$100k,1,420
49002,6,$50k–$100k,2,644
49002,6,$50k–$100k,3,550
49002,6,<$50k,0,55
49002,6,<$50k,1,150
49002,6,<$50k,2,124
49002,6,<$50k,3,60
49002,6,>$150k,1,499
49002,6,>$150k,2,515
49002,6,>$150k,3,1230
49003,1,$100k–$150k,0,69
49003,1,$100k–$150k,1,290
49003,1,$50k–$100k,0,167
49003,1,$50k–$100k,1,832
49003,1,<$50k,0,1770
49003,1,<$50k,1,1211
49003,1,>$150k,0,10
49003,1,>$150k,1,76
49003,2,$100k–$150k,0,229
49003,2,$100k–$150k,1,229
49003,2,$100k–$150k,2,664
49003,2,$50k–$100k,0,692
49003,2,$50k–$100k,1,874
49003,2,$50k–$100k,2,2697
49003,2,<$50k,0,801
49003,2,<$50k,1,1846
49003,2,<$50k,2,3525
49003,2,>$150k,0,77
49003,2,>$150k,1,333
49003,2,>$150k,2,322
49003,3,$100k–$150k,0,16
49003,3,$100k–$150k,1,195
49003,3,$100k–$150k,2,511
49003,3,$100k–$150k,3,276
49003,3,$50k–$100k,0,11
49003,3,$50k–$100k,1,472
49003,3,$50k–$100k,2,754
49003,3,$50k–$100k,3,487
49003,3,<$50k,0,181
49003,3,<$50k,1,904
49003,3,<$50k,2,865
49003,3,<$50k,3,651
49003,3,>$150k,0,10
49003,3,>$150k,1,101
49003,3,>$150k,2,159
49003,3,>$150k,3,369
49003,4,$100k–$150k,1,140
49003,4,$100k–$150k,2,371
49003,4,$100k–$150k,3,277
49003,4,$50k–$100k,0,2
49003,4,$50k–$100k,1,432
49003,4,$50k–$100k,2,935
49003,4,$50k–$100k,3,801
49003,4,<$50k,0,83
49003,4,<$50k,1,410
49003,4,<$50k,2,443
49003,4,<$50k,3,639
49003,4,>$150k,1,131
49003,4,>$150k,2,193
49003,4,>$150k,3,299
49003,5,$100k–$150k,1,227
49003,5,$100k–$150k,2,87
49003,5,$100k–$150k,3,286
49003,5,$50k–$100k,0,21
49003,5,$50k–$100k,1,370
49003,5,$50k–$100k,2,255
49003,5,$50k–$100k,3,193
49003,5,<$50k,0,170
49003,5,<$50k,1,359
49003,5,<$50k,2,116
49003,5,<$50k,3,136
49003,5,>$150k,1,179
49003,5,>$150k,2,93
49003,5,>$150k,3,272
49003,6,$100k–$150k,1,114
49003,6,$100k–$150k,2,158
49003,6,$100k–$150k,3,346
49003,6,$50k–$100k,0,13
49003,6,$50k–$100k,1,310
49003,6,$50k–$100k,2,284
49003,6,$50k–$100k,3,826
49003,6,<$50k,0,72
49003,6,<$50k,1,191
49003,6,<$50k,2,143
49003,6,<$50k,3,367
49003,6,>$150k,1,123
49003,6,>$150k,2,117
49003,6,>$150k,3,515
49004,1,$100k–$150k,0,95
49004,1,$100k–$150k,1,214
49004,1,$50k–$100k,0,464
49004,1,$50k–$100k,1,1181
49004,1,<$50k,0,2015
49004,1,<$50k,1,1460
49004,1,>$150k,0,30
49004,1,>$150k,1,309
49004,2,$100k–$150k,0,625
49004,2,$100k–$150k,1,899
49004,2,$100k–$150k,2,1841
49004,2,$50k–$100k,0,1581
49004,2,$50k–$100k,1,1034
49004,2,$50k–$100k,2,2466
49004,2,<$50k,0,1055
49004,2,<$50k,1,852
49004,2,<$50k,2,885
49004,2,>$150k,0,542
49004,2,>$150k,1,1129
49004,2,>$150k,2,1573
49004,3,$100k–$150k,0,73
49004,3,$100k–$150k,1,352
49004,3,$100k–$150k,2,630
49004,3,$100k–$150k,3,700
49004,3,$50k–$100k,0,58
49004,3,$50k–$100k,1,705
49004,3,$50k–$100k,2,1061
49004,3,$50k–$100k,3,214
49004,3,<$50k,0,185
49004,3,<$50k,1,614
49004,3,<$50k,2,213
49004,3,<$50k,3,25
49004,3,>$150k,0,62
49004,3,>$150k,1,458
49004,3,>$150k,2,1222
49004,3,>$150k,3,649
49004,4,$100k–$150k,0,19
49004,4,$100k–$150k,1,552
49004,4,$100k–$150k,2,1048
49004,4,$100k–$150k,3,466
49004,4,$50k–$100k,0,95
49004,4,$50k–$100k,1,1024
49004,4,$50k–$100k,2,897
49004,4,$50k–$100k,3,410
49004,4,<$50k,0,105
49004,4,<$50k,1,510
49004,4,<$50k,2,240
49004,4,<$50k,3,16
49004,4,>$150k,1,510
49004,4,>$150k,2,1239
49004,4,>$150k,3,1096
49004,5,$100k–$150k,0,50
49004,5,$100k–$150k,1,288
49004,5,$100k–$150k,2,867
49004,5,$100k–$150k,3,661
49004,5,$50k–$100k,0,15
49004,5,$50k–$100k,1,594
49004,5,$50k–$100k,2,540
49004,5,$50k–$100k,3,300
49004,5,<$50k,0,10
49004,5,<$50k,1,146
49004,5,<$50k,2,73
49004,5,<$50k,3,23
49004,5,>$150k,1,671
49004,5,>$150k,2,977
49004,5,>$150k,3,1235
49004,6,$100k–$150k,1,706
49004,6,$100k–$150k,2,671
49004,6,$100k–$150k,3,642
49004,6,$50k–$100k,0,145
49004,6,$50k–$100k,1,648
49004,6,$50k–$100k,2,694
49004,6,$50k–$100k,3,434
49004,6,<$50k,0,156
49004,6,<$50k,1,456
49004,6,<$50k,2,113
49004,6,<$50k,3,71
49004,6,>$150k,1,1174
49004,6,>$150k,2,1260
49004,6,>$150k,3,1835
53000,1,$100k–$150k,0,212
53000,1,$100k–$150k,1,154
53000,1,$50k–$100k,0,1361
53000,1,$50k–$100k,1,1367
53000,1,<$50k,0,6663
53000,1,<$50k,1,3552
53000,1,>$150k,0,89
53000,1,>$150k,1,212
53000,2,$100k–$150k,0,1177
53000,2,$100k–$150k,1,1020
53000,2,$100k–$150k,2,2127
53000,2,$50k–$100k,0,4734
53000,2,$50k–$100k,1,2132
53000,2,$50k–$100k,2,3432
53000,2,<$50k,0,4720
53000,2,<$50k,1,1841
53000,2,<$50k,2,2063
53000,2,>$150k,0,1478
53000,2,>$150k,1,1208
53000,2,>$150k,2,1211
53000,3,$100k–$150k,0,66
53000,3,$100k–$150k,1,687
53000,3,$100k–$150k,2,887
53000,3,$100k–$150k,3,502
53000,3,$50k–$100k,0,363
53000,3,$50k–$100k,1,716
53000,3,$50k–$100k,2,1339
53000,3,$50k–$100k,3,619
53000,3,<$50k,0,291
53000,3,<$50k,1,887
53000,3,<$50k,2,620
53000,3,<$50k,3,80
53000,3,>$150k,0,29
53000,3,>$150k,1,242
53000,3,>$150k,2,575
53000,3,>$150k,3,382
53000,4,$100k–$150k,1,324
53000,4,$100k–$150k,2,840
53000,4,$100k–$150k,3,210
53000,4,$50k–$100k,0,55
53000,4,$50k–$100k,1,353
53000,4,$50k–$100k,2,1277
53000,4,$50k–$100k,3,579
53000,4,<$50k,0,274
53000,4,<$50k,1,684
53000,4,<$50k,2,461
53000,4,<$50k,3,45
53000,4,>$150k,1,410
53000,4,>$150k,2,808
53000,4,>$150k,3,722
53000,5,$100k–$150k,1,246
53000,5,$100k–$150k,2,1076
53000,5,$100k–$150k,3,475
53000,5,$50k–$100k,0,24
53000,5,$50k–$100k,1,669
53000,5,$50k–$100k,2,963
53000,5,$50k–$100k,3,708
53000,5,<$50k,0,97
53000,5,<$50k,1,438
53000,5,<$50k,2,333
53000,5,<$50k,3,52
53000,5,>$150k,0,10
53000,5,>$150k,1,147
53000,5,>$150k,2,215
53000,5,>$150k,3,577
53000,6,$100k–$150k,1,557
53000,6,$100k–$150k,2,868
53000,6,$100k–$150k,3,702
53000,6,$50k–$100k,1,311
53000,6,$50k–$100k,2,489
53000,6,$50k–$100k,3,320
53000,6,<$50k,0,34
53000,6,<$50k,1,472
53000,6,<$50k,2,146
53000,6,<$50k,3,17
53000,6,>$150k,0,17
53000,6,>$150k,1,210
53000,6,>$150k,2,140
53000,6,>$150k,3,521
57001,1,$100k–$150k,0,98
57001,1,$100k–$150k,1,567
57001,1,$50k–$100k,0,389
57001,1,$50k–$100k,1,2438
57001,1,<$50k,0,3528
57001,1,<$50k,1,1847
57001,1,>$150k,0,39
57001,1,>$150k,1,285
57001,2,$100k–$150k,0,386
57001,2,$100k–$150k,1,900
57001,2,$100k–$150k,2,2056
57001,2,$50k–$100k,0,1601
57001,2,$50k–$100k,1,1997
57001,2,$50k–$100k,2,2848
57001,2,<$50k,0,1808
57001,2,<$50k,1,1580
57001,2,<$50k,2,536
57001,2,>$150k,0,239
57001,2,>$150k,1,456
57001,2,>$150k,2,1320
57001,3,$100k–$150k,0,60
57001,3,$100k–$150k,1,417
57001,3,$100k–$150k,2,1122
57001,3,$100k–$150k,3,783
57001,3,$50k–$100k,0,165
57001,3,$50k–$100k,1,1217
57001,3,$50k–$100k,2,1613
57001,3,$50k–$100k,3,418
57001,3,<$50k,0,280
57001,3,<$50k,1,772
57001,3,<$50k,2,258
57001,3,<$50k,3,26
57001,3,>$150k,0,36
57001,3,>$150k,1,271
57001,3,>$150k,2,717
57001,3,>$150k,3,542
57001,4,$100k–$150k,0,11
57001,4,$100k–$150k,1,294
57001,4,$100k–$150k,2,1462
57001,4,$100k–$150k,3,687
57001,4,$50k–$100k,0,25
57001,4,$50k–$100k,1,706
57001,4,$50k–$100k,2,1546
57001,4,$50k–$100k,3,530
57001,4,<$50k,0,11
57001,4,<$50k,1,572
57001,4,<$50k,2,240
57001,4,>$150k,1,126
57001,4,>$150k,2,752
57001,4,>$150k,3,749
57001,5,$100k–$150k,1,231
57001,5,$100k–$150k,2,628
57001,5,$100k–$150k,3,856
57001,5,$50k–$100k,0,14
57001,5,$50k–$100k,1,572
57001,5,$50k–$100k,2,1042
57001,5,$50k–$100k,3,441
57001,5,<$50k,0,48
57001,5,<$50k,1,166
57001,5,<$50k,2,189
57001,5,<$50k,3,53
57001,5,>$150k,1,87
57001,5,>$150k,2,643
57001,5,>$150k,3,687
57001,6,$100k–$150k,1,315
57001,6,$100k–$150k,2,359
57001,6,$100k–$150k,3,393
57001,6,$50k–$100k,1,439
57001,6,$50k–$100k,2,682
57001,6,$50k–$100k,3,483
57001,6,<$50k,1,153
57001,6,<$50k,2,23
57001,6,<$50k,3,77
57001,6,>$150k,0,21
57001,6,>$150k,1,137
57001,6,>$150k,2,236
57001,6,>$150k,3,1122
57002,1,$100k–$150k,0,47
57002,1,$100k–$150k,1,449
57002,1,$50k–$100k,0,551
57002,1,$50k–$100k,1,2097
57002,1,<$50k,0,3751
57002,1,<$50k,1,3991
57002,1,>$150k,0,115
57002,1,>$150k,1,157
57002,2,$100k–$150k,0,456
57002,2,$100k–$150k,1,565
57002,2,$100k–$150k,2,1416
57002,2,$50k–$100k,0,1147
57002,2,$50k–$100k,1,1632
57002,2,$50k–$100k,2,3018
57002,2,<$50k,0,1241
57002,2,<$50k,1,1452
57002,2,<$50k,2,985
57002,2,>$150k,0,213
57002,2,>$150k,1,396
57002,2,>$150k,2,1308
57002,3,$100k–$150k,0,14
57002,3,$100k–$150k,1,262
57002,3,$100k–$150k,2,813
57002,3,$100k–$150k,3,197
57002,3,$50k–$100k,0,17
57002,3,$50k–$100k,1,525
57002,3,$50k–$100k,2,1309
57002,3,$50k–$100k,3,315
57002,3,<$50k,0,472
57002,3,<$50k,1,926
57002,3,<$50k,2,202
57002,3,<$50k,3,45
57002,3,>$150k,1,194
57002,3,>$150k,2,647
57002,3,>$150k,3,403
57002,4,$100k–$150k,1,82
57002,4,$100k–$150k,2,611
57002,4,$100k–$150k,3,518
57002,4,$50k–$100k,0,19
57002,4,$50k–$100k,1,699
57002,4,$50k–$100k,2,819
57002,4,$50k–$100k,3,421
57002,4,<$50k,0,195
57002,4,<$50k,1,356
57002,4,<$50k,2,144
57002,4,>$150k,1,42
57002,4,>$150k,2,388
57002,4,>$150k,3,487
57002,5,$100k–$150k,1,144
57002,5,$100k–$150k,2,149
57002,5,$100k–$150k,3,239
57002,5,$50k–$100k,0,20
57002,5,$50k–$100k,1,390
57002,5,$50k–$100k,2,400
57002,5,$50k–$100k,3,253
57002,5,<$50k,0,52
57002,5,<$50k,1,268
57002,5,<$50k,2,65
57002,5,<$50k,3,6
57002,5,>$150k,1,120
57002,5,>$150k,2,243
57002,5,>$150k,3,311
57002,6,$100k–$150k,1,70
57002,6,$100k–$150k,2,222
57002,6,$100k–$150k,3,258
57002,6,$50k–$100k,1,170
57002,6,$50k–$100k,2,448
57002,6,$50k–$100k,3,248
57002,6,<$50k,0,38
57002,6,<$50k,1,134
57002,6,<$50k,2,28
57002,6,>$150k,1,69
57002,6,>$150k,2,97
57002,6,>$150k,3,379
