Bin,HBOth,HBSch_Pr,HBSch_Sc,HBShp,HBW,HV,IX_HV,IX_LT,IX_MD,LT,MD,NHBNW,NHBW,XI_HV,XI_LT,XI_MD
0,0.159665256,0.339058587,0.122580916,0.130693756,0.047367263,0.201911442,0,0,0,0.287773124,0.170651889,0.22191057,0.195493258,0,0,0
1,0.234417087,0.341580209,0.285256207,0.24823346,0.106306722,0.060303748,0,0,0,0.110357993,0.09578287,0.207193252,0.155931498,0,0,0
2,0.143110246,0.10053188,0.219783814,0.216629622,0.074413953,0.063383604,0.000242093,0.002218419,0.001807924,0.10951914,0.099198437,0.133642765,0.108987556,0.000264212,0.001689268,0.000531746
3,0.108162601,0.114277242,0.175738675,0.128529041,0.074569446,0.064656343,0.00080034,0.008534494,0.004002156,0.077216772,0.081735947,0.110117134,0.080809749,0.000399998,0.007051644,0.004886723
4,0.070833336,0.030677133,0.050807607,0.091632641,0.073206399,0.061014985,0.000934128,0.005992419,0.004817266,0.052389001,0.06064085,0.077499247,0.067196277,0.000746827,0.004538741,0.003807985
5,0.058198349,0.02063022,0.053539085,0.056208412,0.065068027,0.0426449,0.00044835,0.010493749,0.007832404,0.042262961,0.052888778,0.051599523,0.059012963,0.000651122,0.010002613,0.006937469
6,0.040139822,0.007462217,0.021261162,0.028833582,0.051092246,0.0401336,0.023261629,0.019637338,0.023508801,0.038053309,0.042675873,0.02942438,0.037634577,0.023682521,0.020452626,0.019047546
7,0.029528889,0.012207206,0.018094044,0.025010413,0.055211198,0.032207462,0.001498747,0.036144406,0.022311245,0.026152432,0.035025006,0.023715644,0.033631376,0.002610214,0.029762266,0.023082333
8,0.021875698,0.004326497,0.018466386,0.018830307,0.044264427,0.026225968,0.000899089,0.028408901,0.016514686,0.024393782,0.030539236,0.020729392,0.025935702,0.001598357,0.028937464,0.014829794
9,0.016217654,0.002835957,0.001976549,0.005378517,0.03910274,0.027537225,0.001255061,0.020956446,0.017592487,0.022648654,0.030873924,0.014837417,0.019443238,0.001404493,0.017559404,0.01262467
10,0.016872774,0.010198923,0.00346822,0.012490952,0.029586659,0.02343907,0.005283042,0.034488504,0.022403959,0.018276939,0.024854619,0.016765626,0.024435415,0.005723494,0.032857313,0.021854934
11,0.011117412,0,0.003615682,0.006699254,0.031601763,0.024572383,0.016045826,0.028545052,0.020688749,0.016966438,0.025058938,0.009826958,0.01880797,0.007255594,0.024163649,0.020265415
12,0.009827896,0.005455264,0.002315635,0.002388995,0.0348062,0.019383503,0.003066776,0.019830218,0.012232457,0.01387379,0.018566399,0.008941519,0.016346904,0.003347226,0.02311544,0.014042658
13,0.007855178,0.001310038,0.004605643,0.002446636,0.035144512,0.017834081,0.005787137,0.023429849,0.021641,0.013823424,0.019942129,0.009054972,0.011785464,0.006961935,0.021919652,0.020692337
14,0.006690402,0,0.001850428,0.001992103,0.020678291,0.016817951,0.014580526,0.021449694,0.022419411,0.012207471,0.016247564,0.010439865,0.021288086,0.015711183,0.022735704,0.02306518
15,0.006827773,0,0.003523384,0.001992138,0.027279743,0.015748113,0.01712091,0.027317307,0.025191174,0.011240095,0.015232324,0.007600943,0.013027543,0.016154535,0.030899139,0.019605975
16,0.007074869,0.001194826,0.000683658,0.002221145,0.022058923,0.013498034,0.006970525,0.020414232,0.017063244,0.00927891,0.012797747,0.005096079,0.010520718,0.006724717,0.019763152,0.016186793
17,0.004700411,0,0.000565102,0.00276124,0.01730374,0.011053734,0.027628859,0.041691349,0.058813531,0.008381918,0.011588271,0.0065349,0.012783067,0.032058765,0.045286499,0.057312264
18,0.004597942,0.003537808,0.0033241,0.002379381,0.014232478,0.010784376,0.009123878,0.026619237,0.019979873,0.007460436,0.011173545,0.001653283,0.008001815,0.010110388,0.027581267,0.020233015
19,0.003740511,0,0,0.000238864,0.012311782,0.009834975,0.014496909,0.050348856,0.039250871,0.006434024,0.009519726,0.002774692,0.006914538,0.020556971,0.043142248,0.037252686
20,0.002261525,0,0.000334894,0.000462856,0.012116118,0.008188715,0.042046131,0.04612341,0.053497926,0.005971741,0.0088548,0.001960863,0.005113853,0.040336849,0.043515567,0.052522742
21,0.002376144,0.000512039,0,0.000756271,0.008103519,0.008181391,0.008547315,0.024021626,0.01972491,0.005833325,0.00779886,0.002774286,0.004796721,0.011385639,0.022754953,0.018062197
22,0.003870229,0.003688961,0.00187347,0.000700256,0.011312648,0.007857781,0.018497017,0.028143765,0.027319734,0.00484979,0.007106044,0.001427824,0.003417402,0.014577445,0.025824335,0.02534654
23,0.003584797,0,0,0.003091995,0.008544279,0.006059616,0.011656298,0.022058788,0.022347944,0.004685743,0.005974698,0.001174613,0.004653064,0.015692369,0.021700328,0.022813601
24,0.002220863,0,0.003706718,0.00059188,0.005988661,0.00671416,0.014379844,0.016889842,0.016775445,0.004690011,0.006036022,0.002584222,0.005165107,0.009696484,0.016526944,0.016188699
25,0.001852372,0,0.0018776,0.000153486,0.005408116,0.005611499,0.011804421,0.019738854,0.017211973,0.004076455,0.005569511,0.000990342,0.001066395,0.008862949,0.01680635,0.017179766
26,0.00330945,0,0,0.000660345,0.004073896,0.005713492,0.01745538,0.01777721,0.018681877,0.003838681,0.004842626,0.001844455,0.001420422,0.02138478,0.016720603,0.020259698
27,0.001075241,0,0,0.000262508,0.001345253,0.005992345,0.018922272,0.034653318,0.0169319,0.003554511,0.00482264,0.000755561,0.003338494,0.01214719,0.033906106,0.016230629
28,0.001263394,0,0,0.000543507,0.003812442,0.005074681,0.037553077,0.015663292,0.01863552,0.003335029,0.0045242,0.000600855,0.002954272,0.033561417,0.018933101,0.017459933
29,0.00126699,0,0,0.000190261,0.004445611,0.005075495,0.00825744,0.018695032,0.015846373,0.003511131,0.004423539,0.002464273,0.004201776,0.009366015,0.019064346,0.019001805
30,0.001148365,0,0,0.000248375,0.008254202,0.006046325,0.008534573,0.015949925,0.011936931,0.002892778,0.003845284,0.000904501,0.002751974,0.014632251,0.013991876,0.011551649
31,0.001094465,0,0,0.000784319,0.003397278,0.005944061,0.006841515,0.011683873,0.01213588,0.002998088,0.003422653,0.001650265,0.001432406,0.005836377,0.012433269,0.012041465
32,0.001417215,0,0.000751021,0.000517546,0.004831451,0.005910425,0.005129345,0.012019472,0.011991014,0.002971601,0.003901156,0.000893551,0.002762457,0.005158261,0.01998831,0.011551649
33,0.000656823,0,0,0.000124769,0.003822961,0.006015944,0.000953241,0.011760905,0.005452744,0.002483156,0.003882078,0.000385205,0.002515357,0.001415127,0.006071099,0.004802863
34,0.00117039,0,0,6.19E-05,0.005472193,0.006022725,0.003870302,0.007063709,0.006623258,0.002700599,0.003615254,0.001024844,0.000926306,0.004345177,0.008855241,0.007265284
35,0.000738764,0,0,0,0.002569679,0.005593868,0.002551532,0.020992275,0.010277736,0.002396886,0.003368053,0.000910295,0.003059132,0.004988119,0.02224514,0.009861117
36,0.000270766,0,0,1.17E-05,0.002393206,0.005875433,0.012521143,0.019571651,0.009470352,0.002386652,0.003278112,0.001396781,0.002492407,0.009132069,0.017915224,0.00910257
37,0.000716916,0,0,4.69E-05,0.002567248,0.005772897,0.006392369,0.009632059,0.004127706,0.00236378,0.003862,0.00102445,0.001631654,0.004465421,0.011231066,0.004551285
38,0.000204225,0,0,0,0.002273209,0.004812104,0.002162909,0.009836285,0.004199173,0.002200222,0.003156738,0.000371451,0.003172571,0.002698557,0.010287269,0.004263494
39,0.001002263,0,0,0.000257159,0.001948525,0.005819282,0.004090893,0.007631003,0.005128245,0.001871503,0.00334316,0.000924073,0.002063538,0.004851514,0.009532465,0.004492202
40,0.000631703,0,0,0,0.002009283,0.005298197,0.002546754,0.010700961,0.006366363,0.001708503,0.002898908,0.000140864,0.00267075,0.002359091,0.011349478,0.00611031
41,0.000380325,0,0,0,0.002898938,0.005050268,0.001837995,0.004971886,0.004160542,0.001635496,0.002761634,0.00060527,0.000938467,0.004031067,0.006037267,0.003445864
42,0.000164782,0,0,0,0.000538288,0.005814671,0.001534583,0.005867614,0.004467657,0.001550911,0.002984487,6.52E-05,0.001582965,0.001384861,0.006314339,0.004053845
43,0.000167795,0,0,0,0.000492665,0.004923591,0.003036515,0.006373999,0.005746338,0.001437474,0.002335552,0.00019926,0.000197086,0.001765228,0.006297423,0.005915908
44,0.000584629,0,0,3.31E-05,0.001053902,0.004822412,0.0019025,0.00925645,0.006561449,0.001542702,0.002521792,0.000194897,0.000485158,0.00135705,0.008460923,0.005546164
45,0.000313681,0.000514994,0,0.001486259,0.000284987,0.004803424,0.000965983,0.005201192,0.003801275,0.001336295,0.002714302,0.000201056,0.000568438,0.001041305,0.004637904,0.004130081
46,0.000284713,0,0,0,0.000583391,0.004196621,0.000721501,0.00601511,0.005236411,0.001017279,0.001701697,0.000179874,0.001283453,0.000970139,0.004685735,0.004536038
47,0.000428539,0,0,0,0.001298111,0.003931603,0.001254264,0.005972115,0.004768978,0.000938021,0.001746213,0.000272487,0.000621796,0.000989771,0.003636359,0.003524006
48,0.000107634,0,0,7.95E-05,0.000615509,0.003109422,0.000678497,0.004457738,0.002673255,0.000956748,0.001547889,6.27E-05,0.00035801,0.0006683,0.003903516,0.002447173
49,0.00043412,0,0,0,0.000471639,0.002906793,0.000974743,0.004322782,0.0027679,0.000954628,0.001545709,0.000114705,0.000161644,0.000674026,0.004436078,0.002111735
50,0.000358439,0,0,0,0.000545225,0.003912344,0.010089065,0.003005465,0.005108929,0.000859783,0.001615481,1.00E-04,0.000606102,0.014790124,0.0038796,0.00569673
51,5.49E-06,0,0,0,0.000120892,0.003427607,0.010183831,0.004852456,0.005746338,0.000664329,0.001095551,0,3.93E-05,0.011360281,0.004548657,0.007272907
52,0.000204415,0,0,0,0.000591327,0.00332263,0.002279178,0.004486999,0.002684844,0.000672918,0.001032229,0.000202829,8.21E-05,0.002687924,0.003807853,0.002765458
53,6.93E-05,0,0,0.001362434,0.001616524,0.0030096,0.004694533,0.004104224,0.003801275,0.00052174,0.001219742,5.45E-06,0.000145099,0.006431058,0.004437245,0.004557003
54,0.00018695,0,0,0,0.001566209,0.002738071,0.003929232,0.004162148,0.004649222,0.000573111,0.001166504,8.65E-05,0,0.004531679,0.004137423,0.004564626
55,0.000121865,0,0,0,0.000269331,0.002238686,0.00658668,0.004940237,0.005699981,0.000481065,0.001090917,5.21E-06,0.001146201,0.004532497,0.004024261,0.006055039
56,5.14E-05,0,0,0.000783086,0.000360343,0.002768452,0.013573133,0.002983371,0.003633231,0.000422777,0.000670921,0.000158309,9.51E-05,0.007424919,0.003471866,0.003933774
57,7.03E-05,0,0,0,0,0.002884821,0.005951186,0.003082498,0.002736995,0.000361349,0.000897045,4.96E-05,0,0.003457655,0.002687313,0.002647293
58,5.27E-05,0,0,0.000105771,0.001736393,0.001849975,0.018062205,0.002192144,0.00592404,0.000338069,0.000621772,0.000104589,0.000187443,0.007731666,0.002581734,0.006279935
59,0.000736304,0,0,0,0.000473159,0.001605572,0.012271883,0.003160725,0.002458853,0.00034708,0.000732608,0.001144989,0.001054979,0.004692823,0.005746778,0.002309949
60,7.95E-05,0,0,0,0.00040793,0.001933522,0.004180882,0.00234621,0.005713502,0.00025998,0.000710077,0,4.81E-05,0.005298956,0.002214248,0.005067783
61,0.000345242,0,0,0,0.001132338,0.003486741,0.003771553,0.002878869,0.003239196,0.000274127,0.000511299,0,8.08E-05,0.003501008,0.002500653,0.003238121
62,1.78E-05,0,0,0,0,0.001120835,0.016199523,0.006522092,0.005363893,0.000243101,0.000487951,9.82E-06,0.000144851,0.019797056,0.007607539,0.007436815
63,0.000177445,0,0,0,0.001279732,0.001344622,0.00741569,0.006930544,0.016788965,0.000176509,0.000550365,0.000364776,0.000247797,0.009303029,0.008061355,0.015291021
64,0.000229976,0,0,0,0,0.000912509,0.023167659,0.00678663,0.015931361,0.000168695,0.00043008,0,8.87E-05,0.027863281,0.007468711,0.018022173
65,0.00035595,0,0,0,0.000104669,0.001079061,0.04519334,0.004814238,0.028329931,0.000181782,0.000525199,8.63E-05,0,0.043814136,0.00576311,0.033065428
66,0,0,0,0,0.000101034,0.000591883,0.011767788,0.008555991,0.008651378,0.000217117,0.000374662,0,0,0.010768872,0.009611212,0.010106978
67,7.12E-06,0,0,0,0.000243986,0.000783391,0.052784228,0.006203213,0.040558525,0.000176835,0.000329964,0,0,0.054939653,0.00673549,0.046029347
68,0,0,0,0,0.000331942,0.000463036,0.025425335,0.005621587,0.017451484,0.000154833,0.000296986,7.51E-06,0,0.024103787,0.004805314,0.021178341
69,2.12E-05,0,0,0,2.12E-05,0.000488806,0.014739001,0.004186034,0.017397401,0.000144994,0.000183606,0,0,0.012779498,0.005238714,0.02047697
70,0.000118181,0,0,0,0,0.000562316,0.024017373,0.004479833,0.010248763,0.000106465,0.000161167,5.39E-07,0,0.017917309,0.005540869,0.012140571
71,0.000261635,0,0,0,7.55E-05,0.000661868,0.015097363,0.003946576,0.005638172,0.000110012,0.000176429,0,7.64E-05,0.00746909,0.0043165,0.006022638
72,1.23E-05,0,0,0,0,0.000535191,0.003821724,0.002857371,0.001651469,8.46E-05,0.000134366,0,0,0.002995489,0.002766643,0.00236522
73,1.36E-05,0,0,0,0,0.000589985,0.008560853,0.001955672,0.001400368,7.98E-05,0.000126735,0,0,0.005177075,0.002055587,0.001568554
74,0,0,0,0,0,0.000531393,0.012958344,0.004743177,0.004506288,9.85E-05,0.000157533,2.44E-05,1.68E-06,0.012124286,0.005416041,0.004273024
75,0,0,0,0,3.43E-05,0.000339072,0.005357899,0.002153927,0.001794403,8.06E-05,9.32E-05,1.51E-05,8.20E-05,0.004194666,0.002686729,0.002176536
76,1.36E-05,0,0,0,0,0.000288075,0.008665176,0.002116306,0.006791303,8.69E-05,7.86E-05,0,0,0.004065423,0.002809808,0.006752597
77,0,0,0,0,0,0.000414481,0.013406694,0.001915663,0.001466041,7.88E-05,0.00010166,0,0,0.007072364,0.002868722,0.000956761
78,5.46E-06,0,0,0,0,0.000281565,0.040564905,0.002343821,0.005678734,5.81E-05,8.01E-05,0,0,0.015263741,0.002682063,0.006001673
79,0,0,0,0,0,0.000361586,0.001161091,0.002033899,0.000647067,5.83E-05,7.31E-05,0,0,0.001232715,0.002386908,0.000560334
80,1.18E-05,0,0,0,0,0.000584831,0.005917739,0.001149517,0.001000539,3.71E-05,0.00019796,3.28E-06,0,0.004287099,0.001413362,0.001353188
81,5.46E-06,0,0,0,0,0.000240063,0.002099201,0.002198713,0.002115039,4.07E-05,5.77E-05,0,0,0.002089153,0.002220664,0.002064088
82,1.36E-05,0,0,0.000310212,0,0.000295128,0.003537424,0.000772117,0.000191223,3.25E-05,4.52E-05,0,0,0.001569728,0.000771137,0.000373556
83,0,0,0,0,0,0.000272885,0.000324118,0.000546991,0.000291663,3.26E-05,8.85E-05,0,0,0.000270756,0.000575144,0.000447886
84,0,0,0,0,0.00023996,0.000158686,0.000380659,0.000388149,0.000627751,2.39E-05,3.33E-05,0,0,0.000431082,0.000506897,0.00075283
85,0,0,0,0,0.000214253,0.000202358,0.000366325,0.000501608,0.000411419,5.43E-05,4.34E-05,0,8.25E-05,0.001532918,0.000369819,0.000832878
86,0,0,0,0,0,0.00025037,0.000230148,0.000361277,0.000345746,7.46E-05,5.51E-05,0,0,0.000597135,0.000490564,0.000451698
87,0,0,0,0,0,0.000134815,0.001134014,0.000320671,0.000309047,3.22E-05,4.30E-05,1.56E-05,0,0.00066012,0.000376819,0.00025539
88,0,0,0,0,0,0.000103078,0.000711148,0.000449058,0.00075137,2.04E-05,3.33E-05,1.81E-05,0,0.000814721,0.000656808,0.000364027
89,0,0,0,0,0,0.000555264,0.000918201,0.000601929,0.000492543,2.45E-05,7.40E-05,0,0,0.001260527,0.000646892,0.000316379
90,0,0,0,0,0,0.000210224,0.001296471,0.000573266,0.000842152,1.85E-05,2.46E-05,0,0,0.001785678,0.000607227,0.000444074
91,0,0,0,0,0,0.000129932,0.00068885,0.000652687,0.001209145,1.82E-05,3.07E-05,0,0,0.001218809,0.000902382,0.000470757
92,0,0,0,0.000783086,0,0.000125321,0.000412514,0.000659853,0.000722397,1.35E-05,1.66E-05,0,0,0.000766459,0.000638725,0.000459321
93,0,0,0,0,0,0.00059541,0.001684298,0.000974552,0.001898706,1.28E-05,2.69E-05,0,0,0.001881383,0.001153205,0.001393212
94,0,0,0,0,0,8.95E-05,0.001215243,0.000596555,0.002109244,8.14E-06,1.02E-05,5.48E-05,0,0.001199995,0.001171288,0.001296011
95,0,0,0,0,0,0.00010579,0.002120702,0.000928571,0.002928218,5.79E-06,1.02E-05,0,0,0.002737821,0.001070959,0.002510068
96,0,0,0,0,0,0.000145936,0.003249142,0.000834221,0.002493621,1.10E-05,3.02E-05,0,0,0.004984029,0.000957796,0.003146638
97,0,0,0,0,0,7.76E-05,0.001337086,0.001040238,0.001126089,6.28E-06,1.24E-05,0,0,0.001429851,0.001371364,0.001353188
98,0,0,0,0,0,0.000137799,0.004571097,0.001200872,0.004637633,4.09E-06,5.72E-06,0,0,0.004930041,0.001738849,0.005854919
99,0,0,0,0,0,0.000108774,0.007595667,0.000987092,0.005794627,3.37E-06,6.18E-06,7.91E-05,0,0.007859273,0.001271617,0.007442532
100,0,0,0,0,0,2.03E-05,0.007604426,0.000465181,0.000687629,2.45E-06,6.09E-06,0,0,0.021483757,0.000860967,0.000606076
101,0,0,0,0,0,2.55E-05,0.00675949,0.000419798,0.003277827,3.72E-06,5.27E-06,0,0,0.00555417,0.000648642,0.004177729
102,0,0,0,0,0,6.94E-05,0.00339408,0.000320671,0.000355404,4.05E-06,2.91E-06,0,0,0.003813481,0.000530229,0.000634664
103,0,0,0,0,0,0.000156244,0.000402161,0.000223335,0.00031291,4.00E-06,1.54E-06,0,0,0.000620038,0.0004194,0.000436451
104,0,0,0,0,0,1.00E-05,0.017049237,0.000382177,0.000950319,2.24E-06,5.45E-07,0,0,0.052571564,0.00076297,0.001073021
105,0,0,0,0,0,9.22E-06,0.010363808,0.000662241,0.002586335,2.85E-06,1.82E-07,0,0,0.021235087,0.001439611,0.001526624
106,0,0,0,0,0,3.50E-05,0.042397326,0.000391134,0.00118983,1.86E-06,2.73E-07,0,0,0.008552112,0.000653308,0.000945325
107,0,0,0,0,0,2.06E-05,0.002690099,0.000217363,0.000467433,1.58E-06,1.82E-07,0,0,0.003089558,0.000566978,0.000461227
108,0,0,0,0,0,0.000112572,0.007312959,0.000162425,0.001207214,2.80E-06,4.54E-07,0,0,0.03764729,0.000776387,0.001193092
109,0,0,0,0,0,1.09E-06,0.000885551,7.70E-05,0.000778412,1.29E-06,6.36E-07,0,0,0.001015129,0.000135911,0.000722335
110,0,0,0,0,0,1.19E-05,0.000285096,8.36E-05,5.79E-05,3.49E-06,1.82E-06,6.03E-06,0,0.001298154,0.000180826,0.000142942
111,0,0,0,0,0,8.41E-06,0.01084242,3.46E-05,0.000666382,1.71E-06,3.27E-06,0,0,0.010949648,3.44E-05,0.000160095
112,0,0,0,0,0,6.51E-06,0.000324118,2.33E-05,4.06E-05,1.94E-06,1.73E-06,0,0,0.000593863,4.08E-05,0.000259202
113,0,0,0,0,0,0.000220532,0.000463481,8.06E-05,0.000295526,1.59E-06,1.88E-05,0,0,0.000539057,0.000222825,0.000983443
114,0,0,0,0,0,2.98E-06,1.43E-05,4.84E-05,7.53E-05,5.03E-07,2.73E-07,0,0,5.97E-05,5.66E-05,0.000179154
115,0,0,0,0,0,1.09E-05,0.00681205,0.000124805,0.000444255,4.08E-07,8.18E-07,0,0,0.007199971,0.000193659,0.001012032
116,0,0,0,0,0,7.60E-06,6.93E-05,3.82E-05,5.02E-05,4.08E-07,9.08E-07,0,0,0.00046462,6.65E-05,0.00014866
117,0,0,0,0,0,3.53E-06,0.000543913,2.27E-05,0,1.30E-06,0,0,0,0.00090879,1.40E-05,0.000133413
118,0,0,0,0,0,1.55E-05,1.43E-05,2.39E-06,0,1.26E-06,1.82E-07,0,0,3.03E-05,2.27E-05,1.14E-05
119,0,0,0,0,0,3.66E-05,0.000201479,7.76E-06,0,2.17E-07,3.00E-06,0,0,0.001894471,5.02E-05,1.14E-05
120,0,0,0,0,0,2.44E-06,9.00E-05,2.99E-05,0,2.85E-07,2.73E-07,0,0,0.000372187,3.79E-05,2.29E-05
121,0,0,0,0,0,1.36E-06,0.000165643,2.93E-05,0,1.77E-07,1.82E-07,0,0,0.000323925,5.02E-05,3.43E-05
122,0,0,0,0,0,1.63E-06,4.94E-05,4.30E-05,2.32E-05,9.24E-07,1.82E-07,0,0,7.36E-05,0.000151661,0.000234425
123,0,0,0,0,0,0,2.07E-05,1.55E-05,9.66E-06,7.75E-07,0,0,0,3.93E-05,6.18E-05,1.72E-05
124,0,0,0,0,0,0,0.000303413,3.05E-05,5.79E-06,3.40E-07,0,0,0,0.000738647,0.000111412,1.72E-05
125,0,0,0,0,0,0,0.002202727,0.000100322,0.000618094,0,0,0,0,0.002914508,0.00018316,0.000367838
126,0,0,0,0,0,0,0.000105119,3.70E-05,0,0,0,0,0,0.000145603,5.25E-05,3.81E-06
127,0,0,0,0,0,2.71E-07,0.000112287,5.43E-05,0,5.44E-08,0,0,0,8.51E-05,6.65E-05,3.81E-06
128,0,0,0,0,0,6.51E-06,9.56E-06,5.25E-05,0,4.08E-08,0,0,0,4.01E-05,3.79E-05,1.72E-05
129,0,0,0,0,0,2.71E-07,6.05E-05,6.03E-05,0,1.36E-08,0,0,0,8.26E-05,4.32E-05,1.14E-05
130,0,0,0,0,0,2.71E-07,5.49E-05,3.58E-06,3.09E-05,0,0,0,0,4.42E-05,1.17E-05,4.19E-05
131,0,0,0,0,0,5.43E-07,2.87E-05,9.55E-06,0.000206675,2.72E-08,0,0,0,0.000101431,3.15E-05,6.48E-05
132,0,0,0,0,0,2.44E-06,2.95E-05,2.99E-06,1.16E-05,2.72E-08,0,0,0,4.83E-05,2.27E-05,9.53E-06
133,0,0,0,0,0,2.71E-06,0.000175199,5.37E-06,7.73E-05,2.72E-08,0,0,0,0.000581593,2.10E-05,7.05E-05
134,0,0,0,0,0,8.14E-07,0.000388623,7.76E-06,9.46E-05,5.44E-08,0,0,0,0.000750099,3.03E-05,0.000110542
135,0,0,0,0,0,1.36E-06,3.19E-05,3.58E-06,0,4.08E-08,0,0,0,1.39E-05,6.42E-06,1.91E-06
136,0,0,0,0,0,0,5.73E-05,4.18E-06,0,0,0,0,0,0.000292023,7.00E-06,5.72E-06
137,0,0,0,0,0,0,0.00328896,2.99E-05,0.000227922,3.26E-07,0,0,0,0.005615519,3.85E-05,0.00038118
138,0,0,0,0,0,1.30E-05,3.98E-06,4.18E-06,0,1.36E-08,0,0,0,9.00E-06,1.17E-06,0
139,0,0,0,0,0,3.80E-06,5.18E-05,2.39E-06,0,1.36E-08,0,0,0,9.08E-05,5.25E-06,1.91E-06
140,0,0,0,0,0,0,1.43E-05,3.58E-06,0,0,0,0,0,1.88E-05,5.83E-06,0
141,0,0,0,0,0,2.71E-07,0.000315358,0,0,1.36E-08,0,0,0,7.69E-05,9.33E-06,5.72E-06
142,0,0,0,0,0,0,1.59E-06,8.96E-06,0,0,0,0,0,4.91E-06,1.28E-05,0
143,0,0,0,0,0,0,0,0,0,0,0,0,0,8.18E-07,0,0
144,0,0,0,0,0,2.71E-07,4.78E-06,0,0,0,0,0,0,8.18E-06,5.83E-07,1.91E-06
145,0,0,0,0,0,0,0,0,0,0,0,0,0,0,0,0
146,0,0,0,0,0,0,0.000252446,0,0,0,0,0,0,0.0004319,1.75E-06,2.67E-05
147,0,0,0,0,0,0,4.78E-05,0,0,0,0,0,0,2.86E-05,5.83E-07,5.72E-06
148,0,0,0,0,0,2.71E-07,0,0,0,0,0,0,0,0,0,0
149,0,0,0,0,0,0,0,0,0,0,0,0,0,0,0,0
150,0,0,0,0,0,0,0,0,0,0,0,0,0,0,0,0
151,0,0,0,0,0,0,5.57E-06,0,0,0,0,0,0,0.000928422,0,5.15E-05
152,0,0,0,0,0,0,0,0,0,0,0,0,0,0,0,0
153,0,0,0,0,0,0,7.17E-06,0,0,0,0,0,0,0,0,0
154,0,0,0,0,0,1.09E-06,4.78E-06,0,0,0,0,0,0,0,0,0
155,0,0,0,0,0,0,0,0,0,0,0,0,0,0,0,0
156,0,0,0,0,0,0,5.57E-06,0,0,0,0,0,0,0,0,0
157,0,0,0,0,0,0,0.000933332,7.17E-06,0.000322568,0,0,0,0,0.001235987,2.92E-05,0.000642288
158,0,0,0,0,0,0,0,0,0,0,0,0,0,0,0,0
159,0,0,0,0,0,0,9.56E-06,0,0,0,0,0,0,1.64E-05,0,3.81E-06
160,0,0,0,0,0,0,0,0,0,0,0,0,0,0,0,0
161,0,0,0,0,0,0,6.37E-06,0,0,0,0,0,0,0,0,0
162,0,0,0,0,0,0,0,0,0,0,0,0,0,0,0,0
163,0,0,0,0,0,0,0,0,0,0,0,0,0,0,0,0
164,0,0,0,0,0,0,0,0,0,0,0,0,0,0,0,0
165,0,0,0,0,0,0,0,0,0,0,0,0,0,0,0,0
166,0,0,0,0,0,0,0,0,0,0,0,0,0,0,0,0
167,0,0,0,0,0,0,0,0,0,0,0,0,0,0,0,0
168,0,0,0,0,0,0,0,0,0,0,0,0,0,0,0,0
169,0,0,0,0,0,0,0,0,0,0,0,0,0,0,0,0
170,0,0,0,0,0,0,0,0,0,0,0,0,0,0,0,0
171,0,0,0,0,0,0,0,0,0,0,0,0,0,0,0,0
172,0,0,0,0,0,0,0,0,0,0,0,0,0,0,0,0
173,0,0,0,0,0,0,0,0,0,0,0,0,0,0,0,0
174,0,0,0,0,0,0,0,0,0,0,0,0,0,0,0,0
175,0,0,0,0,0,0,0,0,0,0,0,0,0,0,0,0
176,0,0,0,0,0,0,0,0,0,0,0,0,0,0,0,0
177,0,0,0,0,0,0,0,0,0,0,0,0,0,0,0,0
178,0,0,0,0,0,0,0,0,0,0,0,0,0,0,0,0
179,0,0,0,0,0,0,0,0,0,0,0,0,0,0,0,0
180,0,0,0,0,0,0,0,0,0,0,0,0,0,0,0,0
181,0,0,0,0,0,0,0,0,0,0,0,0,0,0,0,0
182,0,0,0,0,0,0,0,0,0,0,0,0,0,0,0,0
183,0,0,0,0,0,0,0,0,0,0,0,0,0,0,0,0
184,0,0,0,0,0,0,0,0,0,0,0,0,0,0,0,0
185,0,0,0,0,0,0,0,0,0,0,0,0,0,0,0,0
186,0,0,0,0,0,0,0,0,0,0,0,0,0,0,0,0
187,0,0,0,0,0,0,0,0,0,0,0,0,0,0,0,0
188,0,0,0,0,0,0,0,0,0,0,0,0,0,0,0,0
189,0,0,0,0,0,0,0,0,0,0,0,0,0,0,0,0
190,0,0,0,0,0,0,0,0,0,0,0,0,0,0,0,0
191,0,0,0,0,0,0,0,0,0,0,0,0,0,0,0,0
192,0,0,0,0,0,0,0,0,0,0,0,0,0,0,0,0
193,0,0,0,0,0,0,0,0,0,0,0,0,0,0,0,0
194,0,0,0,0,0,0,0,0,0,0,0,0,0,0,0,0
195,0,0,0,0,0,0,0,0,0,0,0,0,0,0,0,0
196,0,0,0,0,0,0,0,0,0,0,0,0,0,0,0,0
197,0,0,0,0,0,0,0,0,0,0,0,0,0,0,0,0
198,0,0,0,0,0,0,0,0,0,0,0,0,0,0,0,0
199,0,0,0,0,0,0,0,0,0,0,0,0,0,0,0,0
200,0,0,0,0,0,0,0,0,0,0,0,0,0,0,0,0
